Workbook

Sheet Comece aqui
B2: PROMOVIX
B3: Dados da tabela promocional do mês. Quem preenche: comercial. Quem monta no Figma: /promovix.
B5: PASSO A PASSO
B6: 1. Mês | C6: Troque mês, ano e validade. Os textos das faixas, do selo e do VixClub só mudam se a campanha mudar.
B7: 2. Famílias | C7: Uma linha por família (KODAK SINGLE, OPTVIEW...). Família nova: preencha uma linha nova aqui antes de lançar os produtos.
B8: 3. Produtos | C8: Uma linha por linha impressa, na ordem em que aparece na tabela. Escolha a família na lista e preencha preço e grade.
B9: 4. Páginas | C9: Diga em que página entra cada família e em que ordem. Blocos especiais: CAPA, FAIXA_50, FAIXA_MONTAGEM, VIXCLUB.
B10: 5. Montar | C10: Salve e peça "/promovix" no Claude com este arquivo. Ela confere tudo antes de ir ao Figma e avisa o que estiver errado.
B12: LEGENDA
B13: Faixa amarela | C13: Grupo de colunas.
B14: Título preto | C14: Coluna para preencher. Passe o mouse no título: a nota explica o campo.
B15: Título cinza | C15: Coluna automática, só para conferência. Não precisa mexer.
B16: Seta na célula | C16: Lista suspensa: escolha em vez de digitar.
B18: REGRAS QUE A SKILL CONFERE
B19: Regra 50% | C19: Nas famílias com Regra 50% = S, deixe Reflecta Guard e Blue em branco: a skill calcula Sem A.R. + acréscimos da aba Mês. Se preencher, ela confere.
B20: Transitions | C20: Escreva "Transitions Gen S" ou "Transitions XTRActive" no nome do produto. A pílula colorida sai sozinha, não precisa marcar nada.
B21: Cores | C21: Códigos por cor no formato "8110 Cinza; 8111 Marrom". Ordem Gen S: Cinza, Marrom, Verde, Ametista, Safira, Âmbar, Esmeralda, Rubi.
B22: Seta ↓ | C22: Código vazio + 2 ou mais cores = a linha sai com ↓ e os códigos aparecem na linha de bolinhas logo abaixo.
B23: Preço | C23: A skill lê, confere e monta. Ela não inventa valor: preço é decisão de quem preenche.

Sheet Mês
A1: Campo | B1: Valor | C1: Dica | D1: chave
A2: PERÍODO
A3: Mês | B3: OUTUBRO | C3: Em maiúsculas: OUTUBRO, NOVEMBRO... | D3: mes
A4: Ano (2 dígitos) | B4: 26 | C4: Dois dígitos. | D4: ano
A5: Validade | B5: 01/10/26 A 31/10/26 | C5: Aparece na capa e no rodapé de todas as páginas. | D5: validade
A6: REGRA 50% (REFLECTA)
A7: Acréscimo Reflecta Guard | B7: 42.5 | C7: Regra 50%: Reflecta Guard = Sem A.R. + este valor. | D7: acrescimo_guard
A8: Acréscimo Reflecta Blue Protect SH | B8: 99.5 | C8: Regra 50%: Reflecta Blue Protect SH = Sem A.R. + este valor. | D8: acrescimo_blue
A9: SELO DE OFERTA
A10: Texto do selo nas colunas em promoção | B10: REFLECTA −50% | C10: Adesivo preto sobre as colunas em promoção (coluna Colunas em promoção, aba Famílias). Vazio = sem adesivo. | D10: adesivo_promo
A11: FAIXA 50%
A12: Texto antes do número | B12: Reflecta com | C12: Texto antes do número. | D12: faixa50_antes
A13: Número grande | B13: 50% | C13: Número grande em amarelo. | D13: faixa50_destaque
A14: Texto depois do número | B14: DE DESCONTO | C14: Texto depois do número. | D14: faixa50_depois
A15: Texto da direita | B15: Em toda linha KODAK, ESPACE PLUS DIGITAL e ESSILOR VISÃO SIMPLES SURFAÇADAS | C15: Texto da direita. Quebra de linha com Alt+Enter. | D15: faixa50_direita
A16: MONTAGEM DE LENTE PRONTA
A17: Rótulo do selo no cabeçalho | B17: MONTAGEM LENTE PRONTA | C17: Aparece nas famílias com Selo de montagem = S. Quebra de linha com Alt+Enter. | D17: montagem_selo
A18: Valor | B18: R$15 | C18: Valor grande em amarelo. | D18: montagem_destaque
A19: Faixa: texto antes do valor | B19: Montagem de lente pronta por | C19: Só se usar o bloco FAIXA_MONTAGEM em Páginas. O padrão hoje é o selo no cabeçalho. | D19: montagem_antes
A20: Faixa: texto da direita | B20: Em toda linha de LENTES PRONTAS E ACABADAS | C20: Só se usar o bloco FAIXA_MONTAGEM. Quebra de linha com Alt+Enter. | D20: montagem_direita
A21: PAINEL VIXCLUB
A22: Título | B22: Sua ótica cresce melhor quando tem parceria de verdade. | C22: Título. | D22: vixclub_titulo
A23: Texto | B23: Com o VixClub, você acessa benefícios exclusivos, condições especiais e soluções pensadas para fortalecer o seu negócio. Fale com um consultor e saiba mais. | C23: Texto. | D23: vixclub_texto
A24: CAPA E RODAPÉ
A25: Aviso da capa | B25: Disponibilidades técnicas sujeitas à consulta em tabela. | C25: Capa. | D25: aviso
A26: Instagram | B26: @vixlens | C26: Rodapé. | D26: instagram
A27: Telefone | B27: 27 3061-2626 | C27: Rodapé. | D27: telefone
A28: Site | B28: vixlens.com.br | C28: Rodapé. | D28: site

Sheet Famílias
A1: FAMÍLIA | E1: COLUNAS DE PREÇO | H1: LAYOUT | O1: CONFERÊNCIA
A2: Família | B2: Subtítulo | C2: Cor (hex) | D2: Pílulas do cabeçalho | E2: Colunas de preço | F2: Colunas em promoção | G2: Regra 50% | H2: Faixa ÍNDICE | I2: Coluna Tratamento | J2: Título da Disponibilidade | K2: Largura da Disponibilidade | L2: Legenda de destaque | M2: Selo de montagem | N2: Bloco compacto | O2: Produtos | P2: Página
A3: OPTFÁCIL GO | B3: LENTES MULTIFOCAIS DIGITAIS | C3: #DADFE2 | D3: Cil. até -2.00;Add. 1.00 a 3.50 | E3: Sem A.R.;A.R. Eco;Reflecta Express | G3: N | H3: N | I3: N | K3: 70 | L3: N | M3: N | N3: N | O3: =IF(A3="","",COUNTIF(Produtos!$A:$A,A3)) | P3: =IF(A3="","",IFERROR(INDEX('Páginas'!$A:$A,MATCH(A3,'Páginas'!$B:$B,0)),"FALTA"))
A4: VIX TOTAL | B4: LENTES MULTIFOCAIS FREEFORM // MARCA PRÓPRIA VIXLENS | C4: #F7B200 | D4: Alt. mín. 18 mm;Cil. até -4.00;Add. 1.00 a 3.50 | E4: Sem A.R.;Reflecta Express;Reflecta Guard | G4: N | H4: S | I4: N | K4: 70 | L4: N | M4: N | N4: N | O4: =IF(A4="","",COUNTIF(Produtos!$A:$A,A4)) | P4: =IF(A4="","",IFERROR(INDEX('Páginas'!$A:$A,MATCH(A4,'Páginas'!$B:$B,0)),"FALTA"))
A5: FREEVIX VISÃO SIMPLES | B5: LENTES DE VISÃO SIMPLES SURFAÇADAS // MARCA PRÓPRIA VIXLENS | C5: #00497A | D5: Cil. até -4.00 | E5: Sem A.R.;Reflecta Express;Reflecta Guard | G5: N | H5: S | I5: N | K5: 70 | L5: N | M5: N | N5: N | O5: =IF(A5="","",COUNTIF(Produtos!$A:$A,A5)) | P5: =IF(A5="","",IFERROR(INDEX('Páginas'!$A:$A,MATCH(A5,'Páginas'!$B:$B,0)),"FALTA"))
A6: SOLAR ACABADA | B6: LENTES DE VISÃO SIMPLES SOLARES ACABADAS | C6: #DADFE2 | E6: Par | G6: N | H6: N | I6: N | J6: Curva | Diâm. | K6: 92 | L6: N | M6: N | N6: S | O6: =IF(A6="","",COUNTIF(Produtos!$A:$A,A6)) | P6: =IF(A6="","",IFERROR(INDEX('Páginas'!$A:$A,MATCH(A6,'Páginas'!$B:$B,0)),"FALTA"))
A7: ESPACE PLUS DIGITAL | B7: LENTES MULTIFOCAIS DIGITAIS // ESSILOR | C7: #EF7F02 | D7: Cil. até -6.00;Add. 1.00 a 3.50 | E7: Sem A.R.;Reflecta Guard;Reflecta Blue Protect SH | F7: 2;3 | G7: S | H7: N | I7: N | K7: 70 | L7: N | M7: N | N7: N | O7: =IF(A7="","",COUNTIF(Produtos!$A:$A,A7)) | P7: =IF(A7="","",IFERROR(INDEX('Páginas'!$A:$A,MATCH(A7,'Páginas'!$B:$B,0)),"FALTA"))
A8: KODAK PRECISE NEXT | B8: LENTES MULTIFOCAIS DIGITAIS // LENTES KODAK | C8: #F7B200 | D8: Cil. até -6.00;Add. 1.00 a 3.50 | E8: Sem A.R.;Reflecta Guard;Reflecta Blue Protect SH | F8: 2;3 | G8: S | H8: N | I8: N | K8: 70 | L8: N | M8: N | N8: N | O8: =IF(A8="","",COUNTIF(Produtos!$A:$A,A8)) | P8: =IF(A8="","",IFERROR(INDEX('Páginas'!$A:$A,MATCH(A8,'Páginas'!$B:$B,0)),"FALTA"))
A9: KODAK NETWORK UHD | B9: LENTES MULTIFOCAIS DIGITAIS // LENTES KODAK | C9: #F7B200 | D9: Cil. até -6.00;Add. 1.00 a 3.50 | E9: Sem A.R.;Reflecta Guard;Reflecta Blue Protect SH | F9: 2;3 | G9: S | H9: N | I9: N | K9: 70 | L9: N | M9: N | N9: N | O9: =IF(A9="","",COUNTIF(Produtos!$A:$A,A9)) | P9: =IF(A9="","",IFERROR(INDEX('Páginas'!$A:$A,MATCH(A9,'Páginas'!$B:$B,0)),"FALTA"))
A10: KODAK SOFTWEAR | B10: LENTES OCUPACIONAIS DIGITAIS // LENTES KODAK | C10: #F7B200 | D10: Cil. até -6.00;Add. 1.00 a 3.50 | E10: Sem A.R.;Reflecta Guard;Reflecta Blue Protect SH | F10: 2;3 | G10: S | H10: N | I10: N | K10: 70 | L10: N | M10: N | N10: N | O10: =IF(A10="","",COUNTIF(Produtos!$A:$A,A10)) | P10: =IF(A10="","",IFERROR(INDEX('Páginas'!$A:$A,MATCH(A10,'Páginas'!$B:$B,0)),"FALTA"))
A11: KODAK UNIQUE UHD | B11: LENTES MULTIFOCAIS DIGITAIS // LENTES KODAK | C11: #F7B200 | D11: Cil. até -6.00;Add. 1.00 a 3.50 | E11: Sem A.R.;Reflecta Guard;Reflecta Blue Protect SH | F11: 2;3 | G11: S | H11: N | I11: N | K11: 70 | L11: N | M11: N | N11: N | O11: =IF(A11="","",COUNTIF(Produtos!$A:$A,A11)) | P11: =IF(A11="","",IFERROR(INDEX('Páginas'!$A:$A,MATCH(A11,'Páginas'!$B:$B,0)),"FALTA"))
A12: KODAK UNIQUE INFINITE | B12: LENTES MULTIFOCAIS DIGITAIS // LENTES KODAK | C12: #F7B200 | D12: Cil. até -6.00;Add. 0.75 a 3.50 | E12: Sem A.R.;Reflecta Guard;Reflecta Blue Protect SH | F12: 2;3 | G12: S | H12: N | I12: N | K12: 70 | L12: N | M12: N | N12: N | O12: =IF(A12="","",COUNTIF(Produtos!$A:$A,A12)) | P12: =IF(A12="","",IFERROR(INDEX('Páginas'!$A:$A,MATCH(A12,'Páginas'!$B:$B,0)),"FALTA"))
A13: KODAK SINGLE | B13: LENTES DE VISÃO SIMPLES DIGITAIS // LENTES KODAK | C13: #F7B200 | D13: Cil. até -6.00 | E13: Sem A.R.;Reflecta Guard;Reflecta Blue Protect SH | F13: 2;3 | G13: S | H13: N | I13: N | K13: 70 | L13: N | M13: N | N13: N | O13: =IF(A13="","",COUNTIF(Produtos!$A:$A,A13)) | P13: =IF(A13="","",IFERROR(INDEX('Páginas'!$A:$A,MATCH(A13,'Páginas'!$B:$B,0)),"FALTA"))
A14: ESSILOR SURFAÇADAS | B14: LENTES DE VISÃO SIMPLES SURFAÇADAS // ESSILOR | C14: #3F4A3C | D14: Cil. até -6.00 | E14: Sem A.R.;Reflecta Guard;Reflecta Blue Protect SH | F14: 2;3 | G14: S | H14: N | I14: N | K14: 70 | L14: N | M14: N | N14: N | O14: =IF(A14="","",COUNTIF(Produtos!$A:$A,A14)) | P14: =IF(A14="","",IFERROR(INDEX('Páginas'!$A:$A,MATCH(A14,'Páginas'!$B:$B,0)),"FALTA"))
A15: OPTVIEW | B15: LENTES DE VISÃO SIMPLES ACABADAS | C15: #D0DDE4 | E15: Par | G15: N | H15: N | I15: S | K15: 92 | L15: S | M15: S | N15: N | O15: =IF(A15="","",COUNTIF(Produtos!$A:$A,A15)) | P15: =IF(A15="","",IFERROR(INDEX('Páginas'!$A:$A,MATCH(A15,'Páginas'!$B:$B,0)),"FALTA"))
A16: MULTIFOCAL ACABADA | B16: LENTES MULTIFOCAIS ACABADAS | C16: #D0DDE4 | E16: Par | G16: N | H16: N | I16: S | K16: 92 | L16: S | M16: N | N16: N | O16: =IF(A16="","",COUNTIF(Produtos!$A:$A,A16)) | P16: =IF(A16="","",IFERROR(INDEX('Páginas'!$A:$A,MATCH(A16,'Páginas'!$B:$B,0)),"FALTA"))
A17: LENTE PRONTA KODAK | B17: LENTES DE VISÃO SIMPLES PRONTAS // LENTES KODAK | C17: #F7B200 | E17: Par | G17: N | H17: N | I17: N | K17: 95 | L17: S | M17: S | N17: N | O17: =IF(A17="","",COUNTIF(Produtos!$A:$A,A17)) | P17: =IF(A17="","",IFERROR(INDEX('Páginas'!$A:$A,MATCH(A17,'Páginas'!$B:$B,0)),"FALTA"))
A18: LENTE PRONTA ESSILOR | B18: LENTES DE VISÃO SIMPLES PRONTAS // ESSILOR | C18: #414B55 | E18: Par | G18: N | H18: N | I18: N | K18: 95 | L18: N | M18: N | N18: N | O18: =IF(A18="","",COUNTIF(Produtos!$A:$A,A18)) | P18: =IF(A18="","",IFERROR(INDEX('Páginas'!$A:$A,MATCH(A18,'Páginas'!$B:$B,0)),"FALTA"))
O19: =IF(A19="","",COUNTIF(Produtos!$A:$A,A19)) | P19: =IF(A19="","",IFERROR(INDEX('Páginas'!$A:$A,MATCH(A19,'Páginas'!$B:$B,0)),"FALTA"))
O20: =IF(A20="","",COUNTIF(Produtos!$A:$A,A20)) | P20: =IF(A20="","",IFERROR(INDEX('Páginas'!$A:$A,MATCH(A20,'Páginas'!$B:$B,0)),"FALTA"))
O21: =IF(A21="","",COUNTIF(Produtos!$A:$A,A21)) | P21: =IF(A21="","",IFERROR(INDEX('Páginas'!$A:$A,MATCH(A21,'Páginas'!$B:$B,0)),"FALTA"))
O22: =IF(A22="","",COUNTIF(Produtos!$A:$A,A22)) | P22: =IF(A22="","",IFERROR(INDEX('Páginas'!$A:$A,MATCH(A22,'Páginas'!$B:$B,0)),"FALTA"))
O23: =IF(A23="","",COUNTIF(Produtos!$A:$A,A23)) | P23: =IF(A23="","",IFERROR(INDEX('Páginas'!$A:$A,MATCH(A23,'Páginas'!$B:$B,0)),"FALTA"))
O24: =IF(A24="","",COUNTIF(Produtos!$A:$A,A24)) | P24: =IF(A24="","",IFERROR(INDEX('Páginas'!$A:$A,MATCH(A24,'Páginas'!$B:$B,0)),"FALTA"))
O25: =IF(A25="","",COUNTIF(Produtos!$A:$A,A25)) | P25: =IF(A25="","",IFERROR(INDEX('Páginas'!$A:$A,MATCH(A25,'Páginas'!$B:$B,0)),"FALTA"))
O26: =IF(A26="","",COUNTIF(Produtos!$A:$A,A26)) | P26: =IF(A26="","",IFERROR(INDEX('Páginas'!$A:$A,MATCH(A26,'Páginas'!$B:$B,0)),"FALTA"))
O27: =IF(A27="","",COUNTIF(Produtos!$A:$A,A27)) | P27: =IF(A27="","",IFERROR(INDEX('Páginas'!$A:$A,MATCH(A27,'Páginas'!$B:$B,0)),"FALTA"))
O28: =IF(A28="","",COUNTIF(Produtos!$A:$A,A28)) | P28: =IF(A28="","",IFERROR(INDEX('Páginas'!$A:$A,MATCH(A28,'Páginas'!$B:$B,0)),"FALTA"))
O29: =IF(A29="","",COUNTIF(Produtos!$A:$A,A29)) | P29: =IF(A29="","",IFERROR(INDEX('Páginas'!$A:$A,MATCH(A29,'Páginas'!$B:$B,0)),"FALTA"))
O30: =IF(A30="","",COUNTIF(Produtos!$A:$A,A30)) | P30: =IF(A30="","",IFERROR(INDEX('Páginas'!$A:$A,MATCH(A30,'Páginas'!$B:$B,0)),"FALTA"))
... O80: =IF(A80="","",COUNTIF(Produtos!$A:$A,A80)) | P80: =IF(A80="","",IFERROR(INDEX('Páginas'!$A:$A,MATCH(A80,'Páginas'!$B:$B,0)),"FALTA"))

Sheet Produtos
A1: PRODUTO | E1: MARCAÇÕES | J1: DISPONIBILIDADE | Q1: PREÇOS | W1: CORES TRANSITIONS / SOLAR
A2: Família | B2: Código | C2: Índice | D2: Nome do produto | E2: Blue UV | F2: Ponto | G2: Destaque | H2: Tratamento | I2: Pontos do tratamento | J2: Esf. máx | K2: Esf. mín | L2: Cil. | M2: Add. | N2: Diâm. | O2: Curva | P2: Linha extra | Q2: Colunas desta família | R2: Preço 1 | S2: Preço 2 | T2: Preço 3 | U2: Preço 4 | V2: Obs. do preço | W2: Cores e códigos
A3: OPTFÁCIL GO | B3: 7300 | C3: 1.49 | D3: Resina | J3: 4 | K3: -4 | Q3: =IF(A3="","",IFERROR(INDEX('Famílias'!$E:$E,MATCH(A3,'Famílias'!$A:$A,0)),"família não cadastrada")) | R3: 76 | S3: 91 | T3: 101
A4: OPTFÁCIL GO | B4: 7302 | C4: 1.49 | D4: Resina Foto | J4: 4 | K4: -4 | Q4: =IF(A4="","",IFERROR(INDEX('Famílias'!$E:$E,MATCH(A4,'Famílias'!$A:$A,0)),"família não cadastrada")) | R4: 109 | S4: 124 | T4: 134
A5: OPTFÁCIL GO | B5: 7301 | C5: 1.56 | D5: Resina UV+ | J5: 4 | K5: -4 | Q5: =IF(A5="","",IFERROR(INDEX('Famílias'!$E:$E,MATCH(A5,'Famílias'!$A:$A,0)),"família não cadastrada")) | R5: 90 | S5: 105 | T5: 115
A6: OPTFÁCIL GO | B6: 7306 | C6: 1.59 | D6: Poli | J6: 4 | K6: -4 | Q6: =IF(A6="","",IFERROR(INDEX('Famílias'!$E:$E,MATCH(A6,'Famílias'!$A:$A,0)),"família não cadastrada")) | R6: 92 | S6: 107 | T6: 117
A7: VIX TOTAL | B7: 0006 | C7: 1.49 | D7: Resina | J7: 4 | K7: -6 | N7: 75 | Q7: =IF(A7="","",IFERROR(INDEX('Famílias'!$E:$E,MATCH(A7,'Famílias'!$A:$A,0)),"família não cadastrada")) | R7: 85 | S7: 110 | T7: 145
A8: VIX TOTAL | B8: 0009 | C8: 1.49 | D8: Resina Sun+ | J8: 6 | K8: -8 | N8: 75 | Q8: =IF(A8="","",IFERROR(INDEX('Famílias'!$E:$E,MATCH(A8,'Famílias'!$A:$A,0)),"família não cadastrada")) | R8: 129 | S8: 154 | T8: 189
A9: VIX TOTAL | C9: 1.49 | D9: Resina Transitions Gen S | J9: 5 | K9: -6 | N9: 76 | Q9: =IF(A9="","",IFERROR(INDEX('Famílias'!$E:$E,MATCH(A9,'Famílias'!$A:$A,0)),"família não cadastrada")) | R9: 229 | S9: 254 | T9: 289 | V9: 2: só Cinza 0012 | W9: 0012 Cinza; 0671 Marrom; 0672 Verde; 0675 Ametista; 0674 Safira; 1030 Âmbar; 0673 Esmeralda; 1031 Rubi
A10: VIX TOTAL | B10: 0574 | C10: 1.56 | D10: Resina UV+ | J10: 6 | K10: -8 | N10: 75 | Q10: =IF(A10="","",IFERROR(INDEX('Famílias'!$E:$E,MATCH(A10,'Famílias'!$A:$A,0)),"família não cadastrada")) | R10: 122 | S10: 147 | T10: 182
A11: VIX TOTAL | B11: 0573 | C11: 1.56 | D11: Resina Sun+ UV+ | J11: 6 | K11: -6 | N11: 75 | Q11: =IF(A11="","",IFERROR(INDEX('Famílias'!$E:$E,MATCH(A11,'Famílias'!$A:$A,0)),"família não cadastrada")) | R11: 198 | T11: 258
A12: VIX TOTAL | B12: 0013 | C12: 1.59 | D12: Poli | J12: 6 | K12: -8 | N12: 75 | Q12: =IF(A12="","",IFERROR(INDEX('Famílias'!$E:$E,MATCH(A12,'Famílias'!$A:$A,0)),"família não cadastrada")) | R12: 125 | S12: 150 | T12: 185
A13: VIX TOTAL | B13: 0575 | C13: 1.59 | D13: Poli UV+ | J13: 6 | K13: -8 | N13: 75 | Q13: =IF(A13="","",IFERROR(INDEX('Famílias'!$E:$E,MATCH(A13,'Famílias'!$A:$A,0)),"família não cadastrada")) | R13: 169 | T13: 229
A14: VIX TOTAL | B14: 0014 | C14: 1.59 | D14: Poli Sun+ UV+ | J14: 6 | K14: -8 | N14: 75 | Q14: =IF(A14="","",IFERROR(INDEX('Famílias'!$E:$E,MATCH(A14,'Famílias'!$A:$A,0)),"família não cadastrada")) | R14: 259 | T14: 319
A15: VIX TOTAL | C15: 1.59 | D15: Poli Transitions Gen S | J15: 6 | K15: -8 | N15: 75 | Q15: =IF(A15="","",IFERROR(INDEX('Famílias'!$E:$E,MATCH(A15,'Famílias'!$A:$A,0)),"família não cadastrada")) | R15: 399 | T15: 459 | W15: 0576 Cinza; 7408 Marrom; 7411 Verde; 7410 Ametista; 7409 Safira; 7407 Âmbar; 1072 Esmeralda; 1073 Rubi
A16: VIX TOTAL | B16: 0577 | C16: 1.67 | D16: Resina | J16: 7 | K16: -9 | N16: 70 | Q16: =IF(A16="","",IFERROR(INDEX('Famílias'!$E:$E,MATCH(A16,'Famílias'!$A:$A,0)),"família não cadastrada")) | R16: 259 | S16: 284 | T16: 319
A17: VIX TOTAL | B17: 0578 | C17: 1.67 | D17: Resina UV+ | J17: 7 | K17: -9 | N17: 70 | Q17: =IF(A17="","",IFERROR(INDEX('Famílias'!$E:$E,MATCH(A17,'Famílias'!$A:$A,0)),"família não cadastrada")) | R17: 279 | S17: 304 | T17: 339
A18: VIX TOTAL | B18: 0579 | C18: 1.67 | D18: Resina Sun+ UV+ | J18: 7 | K18: -9 | N18: 75 | Q18: =IF(A18="","",IFERROR(INDEX('Famílias'!$E:$E,MATCH(A18,'Famílias'!$A:$A,0)),"família não cadastrada")) | R18: 469 | T18: 529
A19: FREEVIX VISÃO SIMPLES | B19: 0057 | C19: 1.49 | D19: Resina | J19: 4 | K19: -5 | Q19: =IF(A19="","",IFERROR(INDEX('Famílias'!$E:$E,MATCH(A19,'Famílias'!$A:$A,0)),"família não cadastrada")) | R19: 70 | S19: 95 | T19: 130
A20: FREEVIX VISÃO SIMPLES | B20: 0058 | C20: 1.49 | D20: Resina Sun+ | J20: 4 | K20: -5 | Q20: =IF(A20="","",IFERROR(INDEX('Famílias'!$E:$E,MATCH(A20,'Famílias'!$A:$A,0)),"família não cadastrada")) | R20: 105 | S20: 130 | T20: 165
A21: FREEVIX VISÃO SIMPLES | C21: 1.49 | D21: Resina Transitions Gen S | J21: 4 | K21: -4 | Q21: =IF(A21="","",IFERROR(INDEX('Famílias'!$E:$E,MATCH(A21,'Famílias'!$A:$A,0)),"família não cadastrada")) | R21: 209 | S21: 234 | T21: 269 | V21: 2: só Cinza 0059 | W21: 0059 Cinza; 0691 Marrom; 0692 Verde; 0693 Ametista; 0694 Safira; 0695 Âmbar; 1040 Esmeralda; 1041 Rubi
A22: FREEVIX VISÃO SIMPLES | B22: 0060 | C22: 1.56 | D22: Resina UV+ | J22: 4 | K22: -5 | Q22: =IF(A22="","",IFERROR(INDEX('Famílias'!$E:$E,MATCH(A22,'Famílias'!$A:$A,0)),"família não cadastrada")) | R22: 89 | S22: 114 | T22: 149
A23: FREEVIX VISÃO SIMPLES | B23: 0571 | C23: 1.56 | D23: Resina Sun+ UV+ | J23: 4 | K23: -5 | Q23: =IF(A23="","",IFERROR(INDEX('Famílias'!$E:$E,MATCH(A23,'Famílias'!$A:$A,0)),"família não cadastrada")) | R23: 185 | T23: 245
A24: FREEVIX VISÃO SIMPLES | B24: 0061 | C24: 1.59 | D24: Poli | J24: 6 | K24: -6 | Q24: =IF(A24="","",IFERROR(INDEX('Famílias'!$E:$E,MATCH(A24,'Famílias'!$A:$A,0)),"família não cadastrada")) | R24: 89 | S24: 114 | T24: 149
A25: FREEVIX VISÃO SIMPLES | B25: 0062 | C25: 1.59 | D25: Poli UV+ | J25: 6 | K25: -6 | Q25: =IF(A25="","",IFERROR(INDEX('Famílias'!$E:$E,MATCH(A25,'Famílias'!$A:$A,0)),"família não cadastrada")) | R25: 110 | T25: 170
A26: FREEVIX VISÃO SIMPLES | B26: 0591 | C26: 1.59 | D26: Poli Sun+ UV+ | J26: 6 | K26: -6 | Q26: =IF(A26="","",IFERROR(INDEX('Famílias'!$E:$E,MATCH(A26,'Famílias'!$A:$A,0)),"família não cadastrada")) | R26: 229 | T26: 289
A27: FREEVIX VISÃO SIMPLES | C27: 1.59 | D27: Poli Transitions Gen S | J27: 6 | K27: -5 | Q27: =IF(A27="","",IFERROR(INDEX('Famílias'!$E:$E,MATCH(A27,'Famílias'!$A:$A,0)),"família não cadastrada")) | R27: 399 | T27: 459 | W27: 0063 Cinza; 7403 Marrom; 7406 Verde; 7402 Ametista; 7401 Safira; 7400 Âmbar; 7404 Esmeralda; 7405 Rubi
A28: FREEVIX VISÃO SIMPLES | B28: 0064 | C28: 1.67 | D28: Resina | J28: 7 | K28: -9 | Q28: =IF(A28="","",IFERROR(INDEX('Famílias'!$E:$E,MATCH(A28,'Famílias'!$A:$A,0)),"família não cadastrada")) | R28: 199 | S28: 224 | T28: 259
A29: FREEVIX VISÃO SIMPLES | B29: 0065 | C29: 1.67 | D29: Resina UV+ | J29: 7 | K29: -9 | Q29: =IF(A29="","",IFERROR(INDEX('Famílias'!$E:$E,MATCH(A29,'Famílias'!$A:$A,0)),"família não cadastrada")) | R29: 229 | S29: 254 | T29: 289
A30: FREEVIX VISÃO SIMPLES | B30: 0572 | C30: 1.67 | D30: Resina Sun+ UV+ | J30: 7 | K30: -9 | Q30: =IF(A30="","",IFERROR(INDEX('Famílias'!$E:$E,MATCH(A30,'Famílias'!$A:$A,0)),"família não cadastrada")) | R30: 399 | T30: 459
A31: SOLAR ACABADA | B31: 0357 | C31: 1.56 | D31: Solar G15 | N31: 70 | O31: 6 | Q31: =IF(A31="","",IFERROR(INDEX('Famílias'!$E:$E,MATCH(A31,'Famílias'!$A:$A,0)),"família não cadastrada")) | R31: 25 | W31: G15
A32: SOLAR ACABADA | B32: 0359 | C32: 1.56 | D32: Solar Cinza Black | N32: 70 | O32: 6 | Q32: =IF(A32="","",IFERROR(INDEX('Famílias'!$E:$E,MATCH(A32,'Famílias'!$A:$A,0)),"família não cadastrada")) | R32: 25 | W32: Cinza
A33: SOLAR ACABADA | B33: 0360 | C33: 1.56 | D33: Solar Marrom Dark | N33: 70 | O33: 6 | Q33: =IF(A33="","",IFERROR(INDEX('Famílias'!$E:$E,MATCH(A33,'Famílias'!$A:$A,0)),"família não cadastrada")) | R33: 25 | W33: Marrom
A34: SOLAR ACABADA | B34: 0363 | C34: 1.56 | D34: Solar Resina G15 Degradê | N34: 70 | O34: 6 | Q34: =IF(A34="","",IFERROR(INDEX('Famílias'!$E:$E,MATCH(A34,'Famílias'!$A:$A,0)),"família não cadastrada")) | R34: 32 | W34: G15
A35: SOLAR ACABADA | B35: 0362 | C35: 1.56 | D35: Solar Resina Cinza Black Degradê | N35: 70 | O35: 6 | Q35: =IF(A35="","",IFERROR(INDEX('Famílias'!$E:$E,MATCH(A35,'Famílias'!$A:$A,0)),"família não cadastrada")) | R35: 32 | W35: Cinza
A36: SOLAR ACABADA | B36: 0361 | C36: 1.56 | D36: Solar Resina Marrom Degradê | N36: 70 | O36: 6 | Q36: =IF(A36="","",IFERROR(INDEX('Famílias'!$E:$E,MATCH(A36,'Famílias'!$A:$A,0)),"família não cadastrada")) | R36: 32 | W36: Marrom
A37: ESPACE PLUS DIGITAL | B37: 8125 | C37: 1.50 | D37: Orma | J37: 5.25 | K37: -10.25 | Q37: =IF(A37="","",IFERROR(INDEX('Famílias'!$E:$E,MATCH(A37,'Famílias'!$A:$A,0)),"família não cadastrada")) | R37: 125
A38: ESPACE PLUS DIGITAL | B38: 8126 | C38: 1.50 | D38: Orma | E38: S | J38: 5.25 | K38: -10.25 | Q38: =IF(A38="","",IFERROR(INDEX('Famílias'!$E:$E,MATCH(A38,'Famílias'!$A:$A,0)),"família não cadastrada")) | R38: 159.9
A39: ESPACE PLUS DIGITAL | C39: 1.50 | D39: Orma Transitions Gen S | E39: S | J39: 5.25 | K39: -10 | Q39: =IF(A39="","",IFERROR(INDEX('Famílias'!$E:$E,MATCH(A39,'Famílias'!$A:$A,0)),"família não cadastrada")) | R39: 229 | W39: 8127 Cinza; 87000 Marrom; 87001 Verde
A40: ESPACE PLUS DIGITAL | B40: 8129 | C40: 1.59 | D40: Poly | E40: S | J40: 6.5 | K40: -11.75 | Q40: =IF(A40="","",IFERROR(INDEX('Famílias'!$E:$E,MATCH(A40,'Famílias'!$A:$A,0)),"família não cadastrada")) | R40: 169.9
A41: ESPACE PLUS DIGITAL | C41: 1.59 | D41: Poly Transitions Gen S | E41: S | J41: 6.5 | K41: -11.75 | Q41: =IF(A41="","",IFERROR(INDEX('Famílias'!$E:$E,MATCH(A41,'Famílias'!$A:$A,0)),"família não cadastrada")) | R41: 319 | W41: 8130 Cinza; 87005 Marrom; 87006 Verde
A42: KODAK PRECISE NEXT | B42: 8108 | C42: 1.50 | D42: Resina | J42: 5.25 | K42: -10.25 | Q42: =IF(A42="","",IFERROR(INDEX('Famílias'!$E:$E,MATCH(A42,'Famílias'!$A:$A,0)),"família não cadastrada")) | R42: 129
A43: KODAK PRECISE NEXT | B43: 8109 | C43: 1.50 | D43: Resina | E43: S | J43: 5.25 | K43: -10.25 | Q43: =IF(A43="","",IFERROR(INDEX('Famílias'!$E:$E,MATCH(A43,'Famílias'!$A:$A,0)),"família não cadastrada")) | R43: 179
A44: KODAK PRECISE NEXT | C44: 1.50 | D44: Resina Transitions Gen S | E44: S | J44: 5.25 | K44: -10.25 | Q44: =IF(A44="","",IFERROR(INDEX('Famílias'!$E:$E,MATCH(A44,'Famílias'!$A:$A,0)),"família não cadastrada")) | R44: 259.9 | W44: 8110 Cinza; 81111 Marrom; 81110 Verde; 81113 Ametista; 81116 Safira; 81112 Âmbar; 81114 Esmeralda; 81115 Rubi
A45: KODAK PRECISE NEXT | B45: 8114 | C45: 1.59 | D45: Poly | E45: S | J45: 6.5 | K45: -11.75 | Q45: =IF(A45="","",IFERROR(INDEX('Famílias'!$E:$E,MATCH(A45,'Famílias'!$A:$A,0)),"família não cadastrada")) | R45: 199
A46: KODAK PRECISE NEXT | C46: 1.59 | D46: Poly Transitions Gen S | E46: S | J46: 6.5 | K46: -11.75 | Q46: =IF(A46="","",IFERROR(INDEX('Famílias'!$E:$E,MATCH(A46,'Famílias'!$A:$A,0)),"família não cadastrada")) | R46: 339 | W46: 8115 Cinza; 81119 Marrom; 81118 Verde; 81121 Ametista; 81124 Safira; 81120 Âmbar; 81122 Esmeralda; 81123 Rubi
A47: KODAK PRECISE NEXT | B47: 8116 | C47: 1.67 | D47: Resina | E47: S | J47: 8 | K47: -14 | Q47: =IF(A47="","",IFERROR(INDEX('Famílias'!$E:$E,MATCH(A47,'Famílias'!$A:$A,0)),"família não cadastrada")) | S47: 685 | T47: 742
A48: KODAK PRECISE NEXT | C48: 1.67 | D48: Resina Transitions Gen S | E48: S | J48: 8 | K48: -14 | Q48: =IF(A48="","",IFERROR(INDEX('Famílias'!$E:$E,MATCH(A48,'Famílias'!$A:$A,0)),"família não cadastrada")) | S48: 999 | T48: 1056 | W48: 8117 Cinza; 8118 Marrom; 8119 Verde
A49: KODAK NETWORK UHD | B49: 8099 | C49: 1.50 | D49: Resina | J49: 5.25 | K49: -10.25 | Q49: =IF(A49="","",IFERROR(INDEX('Famílias'!$E:$E,MATCH(A49,'Famílias'!$A:$A,0)),"família não cadastrada")) | R49: 235
A50: KODAK NETWORK UHD | B50: 8100 | C50: 1.50 | D50: Resina | E50: S | J50: 5.25 | K50: -10.25 | Q50: =IF(A50="","",IFERROR(INDEX('Famílias'!$E:$E,MATCH(A50,'Famílias'!$A:$A,0)),"família não cadastrada")) | R50: 259
A51: KODAK NETWORK UHD | C51: 1.50 | D51: Resina Transitions Gen S | E51: S | J51: 5.25 | K51: -10.25 | Q51: =IF(A51="","",IFERROR(INDEX('Famílias'!$E:$E,MATCH(A51,'Famílias'!$A:$A,0)),"família não cadastrada")) | R51: 379 | W51: 8101 Cinza; 86406 Marrom; 86407 Verde; 86409 Ametista; 86410 Safira; 86408 Âmbar; 86412 Esmeralda; 86411 Rubi
A52: KODAK NETWORK UHD | B52: 86413 | C52: 1.50 | D52: Resina Transitions XTRActive | E52: S | J52: 5.25 | K52: -10.25 | Q52: =IF(A52="","",IFERROR(INDEX('Famílias'!$E:$E,MATCH(A52,'Famílias'!$A:$A,0)),"família não cadastrada")) | R52: 399 | W52: 86413 Cinza
A53: KODAK NETWORK UHD | B53: 8102 | C53: 1.59 | D53: Poly | E53: S | J53: 6.5 | K53: -11.75 | Q53: =IF(A53="","",IFERROR(INDEX('Famílias'!$E:$E,MATCH(A53,'Famílias'!$A:$A,0)),"família não cadastrada")) | R53: 289
A54: KODAK NETWORK UHD | C54: 1.59 | D54: Poly Transitions Gen S | E54: S | J54: 6.5 | K54: -11.75 | Q54: =IF(A54="","",IFERROR(INDEX('Famílias'!$E:$E,MATCH(A54,'Famílias'!$A:$A,0)),"família não cadastrada")) | R54: 435 | W54: 8103 Cinza; 86414 Marrom; 86415 Verde; 86417 Ametista; 86418 Safira; 86416 Âmbar; 86420 Esmeralda; 86419 Rubi
A55: KODAK NETWORK UHD | B55: 86421 | C55: 1.59 | D55: Poly Transitions XTRActive | E55: S | J55: 6.5 | K55: -11.75 | Q55: =IF(A55="","",IFERROR(INDEX('Famílias'!$E:$E,MATCH(A55,'Famílias'!$A:$A,0)),"família não cadastrada")) | R55: 505 | W55: 86421 Cinza
A56: KODAK NETWORK UHD | B56: 8104 | C56: 1.67 | D56: Resina | E56: S | J56: 8 | K56: -14 | Q56: =IF(A56="","",IFERROR(INDEX('Famílias'!$E:$E,MATCH(A56,'Famílias'!$A:$A,0)),"família não cadastrada")) | S56: 761.5 | T56: 818.5
A57: KODAK NETWORK UHD | C57: 1.67 | D57: Resina Transitions Gen S | E57: S | J57: 8 | K57: -14 | Q57: =IF(A57="","",IFERROR(INDEX('Famílias'!$E:$E,MATCH(A57,'Famílias'!$A:$A,0)),"família não cadastrada")) | S57: 1041.5 | T57: 1098.5 | W57: 8105 Cinza; 8106 Marrom; 8107 Verde
A58: KODAK SOFTWEAR | B58: 8604 | C58: 1.50 | D58: Resina | E58: S | J58: 5 | K58: -10 | Q58: =IF(A58="","",IFERROR(INDEX('Famílias'!$E:$E,MATCH(A58,'Famílias'!$A:$A,0)),"família não cadastrada")) | R58: 169
A59: KODAK SOFTWEAR | B59: 8605 | C59: 1.59 | D59: Poly | E59: S | J59: 6 | K59: -10 | Q59: =IF(A59="","",IFERROR(INDEX('Famílias'!$E:$E,MATCH(A59,'Famílias'!$A:$A,0)),"família não cadastrada")) | R59: 215
A60: KODAK SOFTWEAR | B60: 8606 | C60: 1.67 | D60: Resina | E60: S | J60: 8 | K60: -14 | Q60: =IF(A60="","",IFERROR(INDEX('Famílias'!$E:$E,MATCH(A60,'Famílias'!$A:$A,0)),"família não cadastrada")) | S60: 691.5 | T60: 748.5
A61: KODAK UNIQUE UHD | B61: 8090 | C61: 1.50 | D61: Resina | J61: 5.25 | K61: -10.25 | Q61: =IF(A61="","",IFERROR(INDEX('Famílias'!$E:$E,MATCH(A61,'Famílias'!$A:$A,0)),"família não cadastrada")) | R61: 265
A62: KODAK UNIQUE UHD | B62: 8091 | C62: 1.50 | D62: Resina | E62: S | J62: 5.25 | K62: -10.25 | Q62: =IF(A62="","",IFERROR(INDEX('Famílias'!$E:$E,MATCH(A62,'Famílias'!$A:$A,0)),"família não cadastrada")) | R62: 289
A63: KODAK UNIQUE UHD | C63: 1.50 | D63: Resina Transitions Gen S | E63: S | J63: 5.25 | K63: -10.25 | Q63: =IF(A63="","",IFERROR(INDEX('Famílias'!$E:$E,MATCH(A63,'Famílias'!$A:$A,0)),"família não cadastrada")) | R63: 419 | W63: 8092 Cinza; 86388 Marrom; 86389 Verde; 86391 Ametista; 86393 Safira; 86390 Âmbar; 86404 Esmeralda; 86392 Rubi
A64: KODAK UNIQUE UHD | B64: 86405 | C64: 1.50 | D64: Resina Transitions XTRActive | E64: S | J64: 5.25 | K64: -10.25 | Q64: =IF(A64="","",IFERROR(INDEX('Famílias'!$E:$E,MATCH(A64,'Famílias'!$A:$A,0)),"família não cadastrada")) | R64: 419 | W64: 86405 Cinza
A65: KODAK UNIQUE UHD | B65: 8093 | C65: 1.59 | D65: Poly | E65: S | J65: 6.5 | K65: -11.75 | Q65: =IF(A65="","",IFERROR(INDEX('Famílias'!$E:$E,MATCH(A65,'Famílias'!$A:$A,0)),"família não cadastrada")) | R65: 319
A66: KODAK UNIQUE UHD | C66: 1.59 | D66: Poly Transitions Gen S | E66: S | J66: 6.5 | K66: -11.75 | Q66: =IF(A66="","",IFERROR(INDEX('Famílias'!$E:$E,MATCH(A66,'Famílias'!$A:$A,0)),"família não cadastrada")) | R66: 469 | W66: 8094 Cinza; 86394 Marrom; 86395 Verde; 86397 Ametista; 86398 Safira; 86396 Âmbar; 86400 Esmeralda; 86399 Rubi
A67: KODAK UNIQUE UHD | B67: 86401 | C67: 1.59 | D67: Poly Transitions XTRActive | E67: S | J67: 6.5 | K67: -11.75 | Q67: =IF(A67="","",IFERROR(INDEX('Famílias'!$E:$E,MATCH(A67,'Famílias'!$A:$A,0)),"família não cadastrada")) | R67: 545 | W67: 86401 Cinza
A68: KODAK UNIQUE UHD | B68: 8095 | C68: 1.67 | D68: Resina | E68: S | J68: 8 | K68: -14 | Q68: =IF(A68="","",IFERROR(INDEX('Famílias'!$E:$E,MATCH(A68,'Famílias'!$A:$A,0)),"família não cadastrada")) | S68: 797.5 | T68: 854.5
A69: KODAK UNIQUE UHD | C69: 1.67 | D69: Resina Transitions Gen S | E69: S | J69: 8 | K69: -14 | Q69: =IF(A69="","",IFERROR(INDEX('Famílias'!$E:$E,MATCH(A69,'Famílias'!$A:$A,0)),"família não cadastrada")) | S69: 1097.5 | T69: 1154.5 | W69: 8096 Cinza; 8097 Marrom; 8098 Verde
A70: KODAK UNIQUE INFINITE | B70: 8638 | C70: 1.50 | D70: Resina | J70: 5.25 | K70: -10 | Q70: =IF(A70="","",IFERROR(INDEX('Famílias'!$E:$E,MATCH(A70,'Famílias'!$A:$A,0)),"família não cadastrada")) | R70: 295
A71: KODAK UNIQUE INFINITE | B71: 86380 | C71: 1.50 | D71: Resina | E71: S | J71: 5.25 | K71: -10 | Q71: =IF(A71="","",IFERROR(INDEX('Famílias'!$E:$E,MATCH(A71,'Famílias'!$A:$A,0)),"família não cadastrada")) | R71: 315
A72: KODAK UNIQUE INFINITE | C72: 1.50 | D72: Resina Transitions Gen S | E72: S | J72: 5.25 | K72: -10 | Q72: =IF(A72="","",IFERROR(INDEX('Famílias'!$E:$E,MATCH(A72,'Famílias'!$A:$A,0)),"família não cadastrada")) | R72: 465 | W72: 8639 Cinza; 8640 Marrom; 8641 Verde; 86382 Ametista; 86383 Safira; 86381 Âmbar; 86385 Esmeralda; 86384 Rubi
A73: KODAK UNIQUE INFINITE | B73: 8642 | C73: 1.50 | D73: Resina Transitions XTRActive | E73: S | J73: 5.25 | K73: -10 | Q73: =IF(A73="","",IFERROR(INDEX('Famílias'!$E:$E,MATCH(A73,'Famílias'!$A:$A,0)),"família não cadastrada")) | R73: 579 | W73: 8642 Cinza
A74: KODAK UNIQUE INFINITE | B74: 8643 | C74: 1.59 | D74: Poly | E74: S | J74: 6.5 | K74: -10 | Q74: =IF(A74="","",IFERROR(INDEX('Famílias'!$E:$E,MATCH(A74,'Famílias'!$A:$A,0)),"família não cadastrada")) | R74: 355
A75: KODAK UNIQUE INFINITE | C75: 1.59 | D75: Poly Transitions Gen S | E75: S | J75: 6.5 | K75: -10 | Q75: =IF(A75="","",IFERROR(INDEX('Famílias'!$E:$E,MATCH(A75,'Famílias'!$A:$A,0)),"família não cadastrada")) | R75: 525 | W75: 8644 Cinza; 8645 Marrom; 8646 Verde; 8648 Ametista; 8649 Safira; 8647 Âmbar; 8651 Esmeralda; 8650 Rubi
A76: KODAK UNIQUE INFINITE | B76: 8652 | C76: 1.59 | D76: Poly Transitions XTRActive | E76: S | J76: 6.5 | K76: -10 | Q76: =IF(A76="","",IFERROR(INDEX('Famílias'!$E:$E,MATCH(A76,'Famílias'!$A:$A,0)),"família não cadastrada")) | R76: 639 | W76: 8652 Cinza
A77: KODAK UNIQUE INFINITE | B77: 8653 | C77: 1.67 | D77: Resina | E77: S | J77: 8 | K77: -14 | Q77: =IF(A77="","",IFERROR(INDEX('Famílias'!$E:$E,MATCH(A77,'Famílias'!$A:$A,0)),"família não cadastrada")) | S77: 831.5 | T77: 888.5
A78: KODAK UNIQUE INFINITE | C78: 1.67 | D78: Resina Transitions Gen S | E78: S | J78: 8 | K78: -14 | Q78: =IF(A78="","",IFERROR(INDEX('Famílias'!$E:$E,MATCH(A78,'Famílias'!$A:$A,0)),"família não cadastrada")) | S78: 1147.5 | T78: 1204.5 | W78: 8654 Cinza; 8655 Marrom; 8656 Verde
A79: KODAK SINGLE | B79: 8607 | C79: 1.50 | D79: Resina | J79: 6 | K79: -10 | Q79: =IF(A79="","",IFERROR(INDEX('Famílias'!$E:$E,MATCH(A79,'Famílias'!$A:$A,0)),"família não cadastrada")) | R79: 129
A80: KODAK SINGLE | B80: 8608 | C80: 1.50 | D80: Resina | E80: S | J80: 6 | K80: -10 | Q80: =IF(A80="","",IFERROR(INDEX('Famílias'!$E:$E,MATCH(A80,'Famílias'!$A:$A,0)),"família não cadastrada")) | R80: 139
A81: KODAK SINGLE | C81: 1.50 | D81: Resina Transitions Gen S | E81: S | J81: 6 | K81: -10 | Q81: =IF(A81="","",IFERROR(INDEX('Famílias'!$E:$E,MATCH(A81,'Famílias'!$A:$A,0)),"família não cadastrada")) | R81: 265 | W81: 8609 Cinza; 8610 Marrom; 8611 Verde; 8613 Ametista; 8614 Safira; 8612 Âmbar; 86423 Esmeralda; 86422 Rubi
A82: KODAK SINGLE | B82: 8615 | C82: 1.50 | D82: Resina Transitions XTRActive | E82: S | J82: 6 | K82: -10 | Q82: =IF(A82="","",IFERROR(INDEX('Famílias'!$E:$E,MATCH(A82,'Famílias'!$A:$A,0)),"família não cadastrada")) | R82: 335 | W82: 8615 Cinza
A83: KODAK SINGLE | B83: 8616 | C83: 1.59 | D83: Poly | E83: S | J83: 6 | K83: -10 | Q83: =IF(A83="","",IFERROR(INDEX('Famílias'!$E:$E,MATCH(A83,'Famílias'!$A:$A,0)),"família não cadastrada")) | R83: 199
A84: KODAK SINGLE | C84: 1.59 | D84: Poly Transitions Gen S | E84: S | J84: 6 | K84: -10 | Q84: =IF(A84="","",IFERROR(INDEX('Famílias'!$E:$E,MATCH(A84,'Famílias'!$A:$A,0)),"família não cadastrada")) | R84: 359 | W84: 8617 Cinza; 8618 Marrom; 8619 Verde; 8621 Ametista; 8622 Safira; 8620 Âmbar; 86424 Esmeralda; 10195 Rubi
A85: KODAK SINGLE | B85: 8623 | C85: 1.59 | D85: Poly Transitions XTRActive | E85: S | J85: 6 | K85: -10 | Q85: =IF(A85="","",IFERROR(INDEX('Famílias'!$E:$E,MATCH(A85,'Famílias'!$A:$A,0)),"família não cadastrada")) | R85: 435 | W85: 8623 Cinza
A86: KODAK SINGLE | B86: 8624 | C86: 1.67 | D86: Resina | E86: S | J86: 8 | K86: -14 | Q86: =IF(A86="","",IFERROR(INDEX('Famílias'!$E:$E,MATCH(A86,'Famílias'!$A:$A,0)),"família não cadastrada")) | S86: 677.5 | T86: 734.5
A87: KODAK SINGLE | C87: 1.67 | D87: Resina Transitions Gen S | E87: S | J87: 8 | K87: -14 | Q87: =IF(A87="","",IFERROR(INDEX('Famílias'!$E:$E,MATCH(A87,'Famílias'!$A:$A,0)),"família não cadastrada")) | S87: 987.5 | T87: 1044.5 | W87: 8625 Cinza; 8626 Marrom; 8627 Verde
A88: ESSILOR SURFAÇADAS | B88: 8313 | C88: 1.50 | D88: Orma | J88: 7.5 | K88: -10 | Q88: =IF(A88="","",IFERROR(INDEX('Famílias'!$E:$E,MATCH(A88,'Famílias'!$A:$A,0)),"família não cadastrada")) | R88: 75.9
A89: ESSILOR SURFAÇADAS | B89: 8314 | C89: 1.50 | D89: Orma | E89: S | J89: 6.5 | K89: -10 | Q89: =IF(A89="","",IFERROR(INDEX('Famílias'!$E:$E,MATCH(A89,'Famílias'!$A:$A,0)),"família não cadastrada")) | R89: 104.9
A90: ESSILOR SURFAÇADAS | C90: 1.50 | D90: Orma Transitions Gen S | E90: S | J90: 8.25 | K90: -10 | Q90: =IF(A90="","",IFERROR(INDEX('Famílias'!$E:$E,MATCH(A90,'Famílias'!$A:$A,0)),"família não cadastrada")) | R90: 208.9 | W90: 8320 Cinza; 8318 Marrom; 8319 Verde; 8317 Ametista; 8321 Safira; 8316 Âmbar
A91: ESSILOR SURFAÇADAS | B91: 8323 | C91: 1.59 | D91: Airwear | J91: 9.25 | K91: -12 | Q91: =IF(A91="","",IFERROR(INDEX('Famílias'!$E:$E,MATCH(A91,'Famílias'!$A:$A,0)),"família não cadastrada")) | R91: 400
A92: ESSILOR SURFAÇADAS | B92: 8324 | C92: 1.59 | D92: Airwear | E92: S | J92: 9.25 | K92: -12 | Q92: =IF(A92="","",IFERROR(INDEX('Famílias'!$E:$E,MATCH(A92,'Famílias'!$A:$A,0)),"família não cadastrada")) | R92: 426.9
A93: ESSILOR SURFAÇADAS | C93: 1.59 | D93: Airwear Transitions Gen S | E93: S | J93: 9.25 | K93: -12 | Q93: =IF(A93="","",IFERROR(INDEX('Famílias'!$E:$E,MATCH(A93,'Famílias'!$A:$A,0)),"família não cadastrada")) | R93: 665.9 | W93: 8346 Cinza; 8341 Marrom; 8342 Verde; 8326 Safira; 8343 Âmbar; 8325 Rubi
A94: ESSILOR SURFAÇADAS | B94: 8328 | C94: 1.59 | D94: TFL | J94: 6 | K94: -12 | Q94: =IF(A94="","",IFERROR(INDEX('Famílias'!$E:$E,MATCH(A94,'Famílias'!$A:$A,0)),"família não cadastrada")) | R94: 375.9
A95: OPTVIEW | B95: 0329 | C95: 1.49 | D95: Optview | J95: 6 | K95: -4 | L95: 0.00 a -2.00 | Q95: =IF(A95="","",IFERROR(INDEX('Famílias'!$E:$E,MATCH(A95,'Famílias'!$A:$A,0)),"família não cadastrada")) | R95: 14.5
A96: OPTVIEW | B96: 0432 | C96: 1.49 | D96: Transitions | E96: S | G96: FOTO | H96: AR | I96: verde | J96: 4 | K96: -4 | L96: 0.00 a -2.00 | Q96: =IF(A96="","",IFERROR(INDEX('Famílias'!$E:$E,MATCH(A96,'Famílias'!$A:$A,0)),"família não cadastrada")) | R96: 199
A97: OPTVIEW | B97: 0241 | C97: 1.56 | D97: Optview | H97: FastKöt | I97: verde | J97: 4 | K97: -8 | L97: 0.00 a -2.00 | Q97: =IF(A97="","",IFERROR(INDEX('Famílias'!$E:$E,MATCH(A97,'Famílias'!$A:$A,0)),"família não cadastrada")) | R97: 15
A98: OPTVIEW | B98: 0249 | C98: 1.56 | D98: Optview | G98: RX | H98: FastKöt | I98: verde | J98: 4 | K98: -6 | L98: -2.25 a -4.00 | Q98: =IF(A98="","",IFERROR(INDEX('Famílias'!$E:$E,MATCH(A98,'Famílias'!$A:$A,0)),"família não cadastrada")) | R98: 29
A99: OPTVIEW | B99: 0330 | C99: 1.56 | D99: Optview UV+ | H99: FastKöt | I99: verde;azul | J99: 4 | K99: -8 | L99: 0.00 a -2.00 | Q99: =IF(A99="","",IFERROR(INDEX('Famílias'!$E:$E,MATCH(A99,'Famílias'!$A:$A,0)),"família não cadastrada")) | R99: 30
A100: OPTVIEW | B100: 0331 | C100: 1.56 | D100: Optview UV+ | G100: RX | H100: FastKöt | I100: verde;azul | J100: 4 | K100: -6 | L100: -2.25 a -4.00 | Q100: =IF(A100="","",IFERROR(INDEX('Famílias'!$E:$E,MATCH(A100,'Famílias'!$A:$A,0)),"família não cadastrada")) | R100: 45
...

Sheet Páginas
A1: ORDEM DAS PÁGINAS | C1: CONFERÊNCIA
A2: Página | B2: Bloco | C2: O que entra
A3: 1 | B3: CAPA | C3: =IF(B3="","",IF(B3="CAPA","Cabeçalho da capa",IF(B3="FAIXA_50","Faixa Reflecta 50%",IF(B3="FAIXA_MONTAGEM","Faixa de montagem",IF(B3="VIXCLUB","Painel VixClub (ocupa o que sobrar)",COUNTIF(Produtos!$A:$A,B3)&" produtos")))))
A4: 1 | B4: OPTFÁCIL GO | C4: =IF(B4="","",IF(B4="CAPA","Cabeçalho da capa",IF(B4="FAIXA_50","Faixa Reflecta 50%",IF(B4="FAIXA_MONTAGEM","Faixa de montagem",IF(B4="VIXCLUB","Painel VixClub (ocupa o que sobrar)",COUNTIF(Produtos!$A:$A,B4)&" produtos")))))
A5: 1 | B5: VIX TOTAL | C5: =IF(B5="","",IF(B5="CAPA","Cabeçalho da capa",IF(B5="FAIXA_50","Faixa Reflecta 50%",IF(B5="FAIXA_MONTAGEM","Faixa de montagem",IF(B5="VIXCLUB","Painel VixClub (ocupa o que sobrar)",COUNTIF(Produtos!$A:$A,B5)&" produtos")))))
A6: 2 | B6: FREEVIX VISÃO SIMPLES | C6: =IF(B6="","",IF(B6="CAPA","Cabeçalho da capa",IF(B6="FAIXA_50","Faixa Reflecta 50%",IF(B6="FAIXA_MONTAGEM","Faixa de montagem",IF(B6="VIXCLUB","Painel VixClub (ocupa o que sobrar)",COUNTIF(Produtos!$A:$A,B6)&" produtos")))))
A7: 2 | B7: VIXCLUB | C7: =IF(B7="","",IF(B7="CAPA","Cabeçalho da capa",IF(B7="FAIXA_50","Faixa Reflecta 50%",IF(B7="FAIXA_MONTAGEM","Faixa de montagem",IF(B7="VIXCLUB","Painel VixClub (ocupa o que sobrar)",COUNTIF(Produtos!$A:$A,B7)&" produtos")))))
A8: 3 | B8: FAIXA_50 | C8: =IF(B8="","",IF(B8="CAPA","Cabeçalho da capa",IF(B8="FAIXA_50","Faixa Reflecta 50%",IF(B8="FAIXA_MONTAGEM","Faixa de montagem",IF(B8="VIXCLUB","Painel VixClub (ocupa o que sobrar)",COUNTIF(Produtos!$A:$A,B8)&" produtos")))))
A9: 3 | B9: ESPACE PLUS DIGITAL | C9: =IF(B9="","",IF(B9="CAPA","Cabeçalho da capa",IF(B9="FAIXA_50","Faixa Reflecta 50%",IF(B9="FAIXA_MONTAGEM","Faixa de montagem",IF(B9="VIXCLUB","Painel VixClub (ocupa o que sobrar)",COUNTIF(Produtos!$A:$A,B9)&" produtos")))))
A10: 3 | B10: KODAK PRECISE NEXT | C10: =IF(B10="","",IF(B10="CAPA","Cabeçalho da capa",IF(B10="FAIXA_50","Faixa Reflecta 50%",IF(B10="FAIXA_MONTAGEM","Faixa de montagem",IF(B10="VIXCLUB","Painel VixClub (ocupa o que sobrar)",COUNTIF(Produtos!$A:$A,B10)&" produtos")))))
A11: 4 | B11: FAIXA_50 | C11: =IF(B11="","",IF(B11="CAPA","Cabeçalho da capa",IF(B11="FAIXA_50","Faixa Reflecta 50%",IF(B11="FAIXA_MONTAGEM","Faixa de montagem",IF(B11="VIXCLUB","Painel VixClub (ocupa o que sobrar)",COUNTIF(Produtos!$A:$A,B11)&" produtos")))))
A12: 4 | B12: KODAK NETWORK UHD | C12: =IF(B12="","",IF(B12="CAPA","Cabeçalho da capa",IF(B12="FAIXA_50","Faixa Reflecta 50%",IF(B12="FAIXA_MONTAGEM","Faixa de montagem",IF(B12="VIXCLUB","Painel VixClub (ocupa o que sobrar)",COUNTIF(Produtos!$A:$A,B12)&" produtos")))))
A13: 4 | B13: KODAK SOFTWEAR | C13: =IF(B13="","",IF(B13="CAPA","Cabeçalho da capa",IF(B13="FAIXA_50","Faixa Reflecta 50%",IF(B13="FAIXA_MONTAGEM","Faixa de montagem",IF(B13="VIXCLUB","Painel VixClub (ocupa o que sobrar)",COUNTIF(Produtos!$A:$A,B13)&" produtos")))))
A14: 5 | B14: KODAK UNIQUE UHD | C14: =IF(B14="","",IF(B14="CAPA","Cabeçalho da capa",IF(B14="FAIXA_50","Faixa Reflecta 50%",IF(B14="FAIXA_MONTAGEM","Faixa de montagem",IF(B14="VIXCLUB","Painel VixClub (ocupa o que sobrar)",COUNTIF(Produtos!$A:$A,B14)&" produtos")))))
... A22: 8 | B22: SOLAR ACABADA | C22: =IF(B22="","",IF(B22="CAPA","Cabeçalho da capa",IF(B22="FAIXA_50","Faixa Reflecta 50%",IF(B22="FAIXA_MONTAGEM","Faixa de montagem",IF(B22="VIXCLUB","Painel VixClub (ocupa o que sobrar)",COUNTIF(Produtos!$A:$A,B22)&" produtos")))))
C23: =IF(B23="","",IF(B23="CAPA","Cabeçalho da capa",IF(B23="FAIXA_50","Faixa Reflecta 50%",IF(B23="FAIXA_MONTAGEM","Faixa de montagem",IF(B23="VIXCLUB","Painel VixClub (ocupa o que sobrar)",COUNTIF(Produtos!$A:$A,B23)&" produtos")))))
C24: =IF(B24="","",IF(B24="CAPA","Cabeçalho da capa",IF(B24="FAIXA_50","Faixa Reflecta 50%",IF(B24="FAIXA_MONTAGEM","Faixa de montagem",IF(B24="VIXCLUB","Painel VixClub (ocupa o que sobrar)",COUNTIF(Produtos!$A:$A,B24)&" produtos")))))
C25: =IF(B25="","",IF(B25="CAPA","Cabeçalho da capa",IF(B25="FAIXA_50","Faixa Reflecta 50%",IF(B25="FAIXA_MONTAGEM","Faixa de montagem",IF(B25="VIXCLUB","Painel VixClub (ocupa o que sobrar)",COUNTIF(Produtos!$A:$A,B25)&" produtos")))))
C26: =IF(B26="","",IF(B26="CAPA","Cabeçalho da capa",IF(B26="FAIXA_50","Faixa Reflecta 50%",IF(B26="FAIXA_MONTAGEM","Faixa de montagem",IF(B26="VIXCLUB","Painel VixClub (ocupa o que sobrar)",COUNTIF(Produtos!$A:$A,B26)&" produtos")))))
C27: =IF(B27="","",IF(B27="CAPA","Cabeçalho da capa",IF(B27="FAIXA_50","Faixa Reflecta 50%",IF(B27="FAIXA_MONTAGEM","Faixa de montagem",IF(B27="VIXCLUB","Painel VixClub (ocupa o que sobrar)",COUNTIF(Produtos!$A:$A,B27)&" produtos")))))
C28: =IF(B28="","",IF(B28="CAPA","Cabeçalho da capa",IF(B28="FAIXA_50","Faixa Reflecta 50%",IF(B28="FAIXA_MONTAGEM","Faixa de montagem",IF(B28="VIXCLUB","Painel VixClub (ocupa o que sobrar)",COUNTIF(Produtos!$A:$A,B28)&" produtos")))))
C29: =IF(B29="","",IF(B29="CAPA","Cabeçalho da capa",IF(B29="FAIXA_50","Faixa Reflecta 50%",IF(B29="FAIXA_MONTAGEM","Faixa de montagem",IF(B29="VIXCLUB","Painel VixClub (ocupa o que sobrar)",COUNTIF(Produtos!$A:$A,B29)&" produtos")))))
C30: =IF(B30="","",IF(B30="CAPA","Cabeçalho da capa",IF(B30="FAIXA_50","Faixa Reflecta 50%",IF(B30="FAIXA_MONTAGEM","Faixa de montagem",IF(B30="VIXCLUB","Painel VixClub (ocupa o que sobrar)",COUNTIF(Produtos!$A:$A,B30)&" produtos")))))
C31: =IF(B31="","",IF(B31="CAPA","Cabeçalho da capa",IF(B31="FAIXA_50","Faixa Reflecta 50%",IF(B31="FAIXA_MONTAGEM","Faixa de montagem",IF(B31="VIXCLUB","Painel VixClub (ocupa o que sobrar)",COUNTIF(Produtos!$A:$A,B31)&" produtos")))))
C32: =IF(B32="","",IF(B32="CAPA","Cabeçalho da capa",IF(B32="FAIXA_50","Faixa Reflecta 50%",IF(B32="FAIXA_MONTAGEM","Faixa de montagem",IF(B32="VIXCLUB","Painel VixClub (ocupa o que sobrar)",COUNTIF(Produtos!$A:$A,B32)&" produtos")))))
C33: =IF(B33="","",IF(B33="CAPA","Cabeçalho da capa",IF(B33="FAIXA_50","Faixa Reflecta 50%",IF(B33="FAIXA_MONTAGEM","Faixa de montagem",IF(B33="VIXCLUB","Painel VixClub (ocupa o que sobrar)",COUNTIF(Produtos!$A:$A,B33)&" produtos")))))
C34: =IF(B34="","",IF(B34="CAPA","Cabeçalho da capa",IF(B34="FAIXA_50","Faixa Reflecta 50%",IF(B34="FAIXA_MONTAGEM","Faixa de montagem",IF(B34="VIXCLUB","Painel VixClub (ocupa o que sobrar)",COUNTIF(Produtos!$A:$A,B34)&" produtos")))))
... C60: =IF(B60="","",IF(B60="CAPA","Cabeçalho da capa",IF(B60="FAIXA_50","Faixa Reflecta 50%",IF(B60="FAIXA_MONTAGEM","Faixa de montagem",IF(B60="VIXCLUB","Painel VixClub (ocupa o que sobrar)",COUNTIF(Produtos!$A:$A,B60)&" produtos")))))

Sheet Listas
A1: CAPA
A2: FAIXA_50
A3: FAIXA_MONTAGEM
A4: VIXCLUB
A5: =IF('Famílias'!A3="","",'Famílias'!A3)
A6: =IF('Famílias'!A4="","",'Famílias'!A4)
A7: =IF('Famílias'!A5="","",'Famílias'!A5)
A8: =IF('Famílias'!A6="","",'Famílias'!A6)
A9: =IF('Famílias'!A7="","",'Famílias'!A7)
A10: =IF('Famílias'!A8="","",'Famílias'!A8)
A11: =IF('Famílias'!A9="","",'Famílias'!A9)
A12: =IF('Famílias'!A10="","",'Famílias'!A10)
A13: =IF('Famílias'!A11="","",'Famílias'!A11)
A14: =IF('Famílias'!A12="","",'Famílias'!A12)
A15: =IF('Famílias'!A13="","",'Famílias'!A13)
A16: =IF('Famílias'!A14="","",'Famílias'!A14)
... A82: =IF('Famílias'!A80="","",'Famílias'!A80)
